,sentiment_risk,confidence_risk,volatility_risk,engagement_risk,tenure_risk,overall_risk,cluster
1,0.0,0.09999999999999998,0.0,0.41107184923439344,0,0.081660777385159,7
2,0.3333333333333333,0.5533333333333332,0.08164965809277261,0.0,0,0.22699659828522117,5
3,0.0,0.5999999999999999,0.0,0.0,0,0.11999999999999998,6
4,0.0,0.6,0.0,0.41107184923439344,0,0.181660777385159,6
5,0.0,0.6,0.5,0.0,0,0.22,0
6,0.0,0.6,0.0,0.0,0,0.12,2
7,0.0,0.6,0.0,0.0,0,0.12,3
8,0.0,0.5999999999999999,0.408248290463863,0.0,0,0.20164965809277258,2
9,0.0,0.6,0.5,0.0,0,0.22,8
10,0.0,0.6,0.0,0.41107184923439344,0,0.181660777385159,8
11,0.0,0.6,0.5,0.0,0,0.22,4
12,0.0,0.6,0.5,0.0,0,0.22,8
13,0.0,0.6,0.0,0.41107184923439344,0,0.181660777385159,2
14,0.0,0.6,0.0,0.0,0,0.12,0
15,1.0,0.6,0.0,0.41107184923439344,0,0.481660777385159,1
16,0.0,0.6,0.0,0.0,0,0.12,6
17,0.0,0.6,0.5,0.0,0,0.22,8
18,0.0,0.6,0.5,0.0,0,0.22,3
19,0.0,0.6,0.0,0.41107184923439344,0,0.181660777385159,4
20,0.0,0.6,0.0,0.41107184923439344,0,0.181660777385159,6
21,0.0,0.6,0.0,0.41107184923439344,0,0.181660777385159,4
22,0.25,0.6,0.35355339059327373,0.0,0,0.2657106781186548,2
23,0.0,0.6,0.5,0.0,0,0.22,2
24,0.0,0.6,0.0,0.41107184923439344,0,0.181660777385159,8
25,0.0,0.6,0.0,0.41107184923439344,0,0.181660777385159,6
26,0.0,0.6,0.0,0.0,0,0.12,8
27,0.0,0.6,0.0,0.41107184923439344,0,0.181660777385159,3
28,0.0,0.6,0.0,0.41107184923439344,0,0.181660777385159,8
29,0.0,0.5999999999999999,0.408248290463863,0.0,0,0.20164965809277258,5
30,0.0,0.6,0.0,0.41107184923439344,0,0.181660777385159,8
31,0.0,0.6,0.0,0.41107184923439344,0,0.181660777385159,3
32,0.0,0.5999999999999999,0.408248290463863,0.0,0,0.20164965809277258,2
33,0.0,0.6,0.0,0.41107184923439344,0,0.181660777385159,6
34,0.0,0.6,0.0,0.41107184923439344,0,0.181660777385159,8
35,0.0,0.6,0.35355339059327373,0.0,0,0.19071067811865475,2
36,0.0,0.6,0.0,0.41107184923439344,0,0.181660777385159,8
37,0.3333333333333333,0.5999999999999999,0.7071067811865475,0.0,0,0.3614213562373095,5
38,0.0,0.6,0.5,0.0,0,0.22,0
39,0.0,0.6,0.0,0.0,0,0.12,6
40,0.0,0.3999999999999999,0.5,0.0,0,0.18,8
41,0.0,0.6,0.0,0.41107184923439344,0,0.181660777385159,6
42,0.0,0.6,0.0,0.41107184923439344,0,0.181660777385159,8
43,0.0,0.6,0.0,0.0,0,0.12,3
44,0.0,0.6,0.0,0.41107184923439344,0,0.181660777385159,8
45,0.0,0.6,0.0,0.41107184923439344,0,0.181660777385159,6
46,0.0,0.6,0.0,0.0,0,0.12,8
47,0.0,0.6,0.0,0.0,0,0.12,2
48,0.0,0.6,0.0,0.0,0,0.12,8
49,0.0,0.6,0.5,0.0,0,0.22,6
50,0.0,0.6,0.5,0.0,0,0.22,8
51,0.0,0.6,0.5,0.0,0,0.22,2
52,0.0,0.6,0.5,0.0,0,0.22,4
53,0.0,0.6,0.0,0.0,0,0.12,1
54,0.0,0.6,0.0,0.41107184923439344,0,0.181660777385159,8
55,0.0,0.6,0.0,0.41107184923439344,0,0.181660777385159,2
56,0.3333333333333333,0.5666666666666667,0.7071067811865475,0.0,0,0.3547546895706428,6
57,0.0,0.6,0.0,0.41107184923439344,0,0.181660777385159,6
58,0.0,0.5999999999999999,0.408248290463863,0.0,0,0.20164965809277258,8
59,0.0,0.6,0.0,0.0,0,0.12,3
60,0.0,0.6,0.0,0.41107184923439344,0,0.181660777385159,0
61,1.0,0.6,0.0,0.41107184923439344,0,0.481660777385159,5
62,0.0,0.6,0.0,0.41107184923439344,0,0.181660777385159,8
63,0.0,0.6,0.5,0.0,0,0.22,2
64,0.0,0.6,0.0,0.41107184923439344,0,0.181660777385159,7
65,0.0,0.6,0.0,0.0,0,0.12,6
66,0.0,0.6,0.0,0.0,0,0.12,8
67,0.0,0.6,0.0,0.41107184923439344,0,0.181660777385159,3
68,0.0,0.6,0.0,0.41107184923439344,0,0.181660777385159,4
69,0.0,0.6,0.0,0.0,0,0.12,6
70,0.0,0.6,0.0,0.41107184923439344,0,0.181660777385159,8
71,0.0,0.6,0.0,0.41107184923439344,0,0.181660777385159,2
72,0.0,0.6,0.0,0.0,0,0.12,6
73,0.5,0.6,0.5,0.0,0,0.37,5
74,0.0,0.6,0.0,0.41107184923439344,0,0.181660777385159,8
75,0.0,0.6,0.0,0.41107184923439344,0,0.181660777385159,2
76,0.0,0.19999999999999996,0.0,0.41107184923439344,0,0.10166077738515901,7
77,0.0,0.6,0.0,0.0,0,0.12,6
78,0.0,0.6,0.0,0.41107184923439344,0,0.181660777385159,8
79,0.0,0.6,0.0,0.41107184923439344,0,0.181660777385159,3
80,0.0,0.6,0.0,0.41107184923439344,0,0.181660777385159,4
81,0.0,0.6,0.0,0.0,0,0.12,1
82,0.0,0.6,0.5,0.0,0,0.22,8
83,0.0,0.6,0.5,0.0,0,0.22,2
84,0.0,0.6,0.5,0.0,0,0.22,0
85,0.0,0.5999999999999999,0.408248290463863,0.0,0,0.20164965809277258,6
86,0.0,0.6,0.0,0.41107184923439344,0,0.181660777385159,8
87,0.0,0.6,0.0,0.41107184923439344,0,0.181660777385159,3
88,0.0,0.6,0.0,0.41107184923439344,0,0.181660777385159,4
89,1.0,0.33999999999999997,0.0,0.41107184923439344,0,0.429660777385159,5
90,0.0,0.5999999999999999,0.0,0.0,0,0.11999999999999998,8
91,0.0,0.6,0.0,0.41107184923439344,0,0.181660777385159,2
92,0.0,0.6,0.0,0.0,0,0.12,8
93,0.0,0.6,0.0,0.41107184923439344,0,0.181660777385159,6
94,0.0,0.6,0.5,0.0,0,0.22,8
95,0.0,0.6,0.0,0.0,0,0.12,3
96,0.0,0.6,0.0,0.41107184923439344,0,0.181660777385159,4
97,0.0,0.6,0.0,0.41107184923439344,0,0.181660777385159,1
98,0.0,0.6,0.0,0.0,0,0.12,8
99,0.0,0.6,0.0,0.0,0,0.12,2
100,0.0,0.6,0.5,0.0,0,0.22,0
101,1.0,0.49,0.0,0.41107184923439344,0,0.45966077738515904,5
102,0.0,0.6,0.0,0.0,0,0.12,8
103,0.5,0.58,1.0,0.0,0,0.466,2
104,0.0,0.6,0.0,0.41107184923439344,0,0.181660777385159,4
105,0.0,0.6,0.0,0.0,0,0.12,6
106,0.0,0.6,0.0,0.41107184923439344,0,0.181660777385159,8
107,0.0,0.6,0.0,0.41107184923439344,0,0.181660777385159,3
108,0.0,0.19999999999999996,0.0,0.41107184923439344,0,0.10166077738515901,7
109,0.0,0.6,0.0,0.0,0,0.12,6
110,0.0,0.6,0.0,0.41107184923439344,0,0.181660777385159,8
111,0.0,0.6,0.0,0.41107184923439344,0,0.181660777385159,3
112,0.0,0.5999999999999999,0.0,0.0,0,0.11999999999999998,4
113,0.0,0.6,0.5,0.0,0,0.22,1
114,0.0,0.6,0.0,0.41107184923439344,0,0.181660777385159,8
115,0.0,0.6,0.0,0.41107184923439344,0,0.181660777385159,2
116,0.0,0.6,0.0,0.0,0,0.12,0
117,0.0,0.6,0.0,0.41107184923439344,0,0.181660777385159,6
118,0.0,0.6,0.0,0.41107184923439344,0,0.181660777385159,8
119,0.0,0.6,0.0,0.41107184923439344,0,0.181660777385159,3
120,0.0,0.6,0.5,0.0,0,0.22,6
121,1.0,0.33999999999999997,0.0,0.41107184923439344,0,0.429660777385159,5
122,0.0,0.6,0.0,0.0,0,0.12,8
123,0.0,0.6,0.5,0.0,0,0.22,2
124,0.0,0.6,0.0,0.41107184923439344,0,0.181660777385159,8
125,0.0,0.6,0.0,0.41107184923439344,0,0.181660777385159,6
126,0.0,0.6,0.0,0.41107184923439344,0,0.181660777385159,8
127,0.0,0.6,0.0,0.0,0,0.12,3
128,0.0,0.6,0.0,0.41107184923439344,0,0.181660777385159,4
129,0.0,0.6,0.0,0.0,0,0.12,1
130,0.0,0.6,0.0,0.41107184923439344,0,0.181660777385159,8
131,0.0,0.5999999999999999,0.408248290463863,0.0,0,0.20164965809277258,4
132,0.0,0.6,0.0,0.0,0,0.12,0
133,0.5,0.5449999999999999,0.5,0.0,0,0.359,5
134,0.0,0.6,0.5,0.0,0,0.22,8
135,0.0,0.6,0.0,0.0,0,0.12,2
136,0.0,0.6,0.0,0.41107184923439344,0,0.181660777385159,4
137,0.0,0.6,0.0,0.41107184923439344,0,0.181660777385159,6
138,0.0,0.6,0.0,0.41107184923439344,0,0.181660777385159,8
139,0.0,0.6,0.0,0.41107184923439344,0,0.181660777385159,3
140,0.0,0.3999999999999999,0.0,0.0,0,0.07999999999999999,7
141,0.0,0.6,0.5,0.0,0,0.22,6
142,0.0,0.6,0.5,0.0,0,0.22,8
143,0.0,0.6,0.0,0.0,0,0.12,3
144,0.0,0.6,0.0,0.0,0,0.12,4
145,0.0,0.5999999999999999,0.408248290463863,0.0,0,0.20164965809277258,1
146,0.0,0.58,0.0,0.0,0,0.11599999999999999,8
147,0.0,0.6,0.5,0.0,0,0.22,2
148,0.0,0.6,0.0,0.41107184923439344,0,0.181660777385159,0
149,0.0,0.6,0.0,0.41107184923439344,0,0.181660777385159,6
150,0.0,0.6,0.0,0.41107184923439344,0,0.181660777385159,8
151,0.0,0.6,0.0,0.0,0,0.12,3
152,0.0,0.6,0.0,0.41107184923439344,0,0.181660777385159,4
153,0.3333333333333333,0.5133333333333334,0.2041241452319315,0.0,0,0.24349149571305295,5
154,0.0,0.6,0.0,0.41107184923439344,0,0.181660777385159,8
155,0.0,0.6,0.0,0.41107184923439344,0,0.181660777385159,2
156,0.0,0.6,0.0,0.41107184923439344,0,0.181660777385159,8
157,0.0,0.6,0.0,0.41107184923439344,0,0.181660777385159,6
158,0.0,0.6,0.5,0.0,0,0.22,8
159,0.0,0.6,0.0,0.0,0,0.12,3
160,0.0,0.6,0.5,0.0,0,0.22,4
161,0.0,0.6,0.0,0.41107184923439344,0,0.181660777385159,1
162,0.0,0.6,0.0,0.41107184923439344,0,0.181660777385159,8
163,0.0,0.6,0.0,0.41107184923439344,0,0.181660777385159,2
164,0.0,0.6,0.0,0.0,0,0.12,0
165,1.0,0.49,0.0,0.41107184923439344,0,0.45966077738515904,5
166,0.0,0.6,0.0,0.41107184923439344,0,0.181660777385159,8
167,0.0,0.6,0.0,0.41107184923439344,0,0.181660777385159,2
168,0.3333333333333333,0.5999999999999999,0.7071067811865475,0.0,0,0.3614213562373095,4
169,0.0,0.6,0.0,0.0,0,0.12,6
170,0.0,0.6,0.0,0.0,0,0.12,8
171,0.0,0.6,0.0,0.41107184923439344,0,0.181660777385159,3
172,0.0,0.3999999999999999,0.5,0.0,0,0.18,7
173,0.0,0.6,0.35355339059327373,0.0,0,0.19071067811865475,6
174,0.0,0.6,0.5,0.0,0,0.22,8
175,0.0,0.6,0.0,0.41107184923439344,0,0.181660777385159,3
176,0.0,0.6,0.0,0.0,0,0.12,4
177,0.0,0.6,0.0,0.41107184923439344,0,0.181660777385159,1
178,0.5,0.6,1.0,0.0,0,0.47000000000000003,8
179,0.0,0.6,0.0,0.41107184923439344,0,0.181660777385159,2
180,0.0,0.6,0.0,0.41107184923439344,0,0.181660777385159,0
181,0.0,0.5999999999999999,0.408248290463863,0.0,0,0.20164965809277258,6
182,0.0,0.6,0.0,0.41107184923439344,0,0.181660777385159,8
183,0.0,0.5999999999999999,0.0,0.0,0,0.11999999999999998,3
184,0.0,0.6,0.0,0.41107184923439344,0,0.181660777385159,4
185,1.0,0.33999999999999997,0.0,0.41107184923439344,0,0.429660777385159,5
186,0.0,0.6,0.0,0.41107184923439344,0,0.181660777385159,8
187,0.0,0.6,0.0,0.41107184923439344,0,0.181660777385159,2
188,0.0,0.6,0.0,0.41107184923439344,0,0.181660777385159,8
189,0.0,0.5999999999999999,0.0,0.0,0,0.11999999999999998,6
190,0.0,0.5999999999999999,0.408248290463863,0.0,0,0.20164965809277258,6
191,0.0,0.6,0.0,0.41107184923439344,0,0.181660777385159,3
192,0.0,0.6,0.5,0.0,0,0.22,4
193,0.0,0.6,0.0,0.0,0,0.12,1
194,0.0,0.6,0.0,0.41107184923439344,0,0.181660777385159,8
195,0.0,0.6,0.0,0.41107184923439344,0,0.181660777385159,2
196,0.0,0.6,0.0,0.41107184923439344,0,0.181660777385159,0
197,0.3333333333333333,0.5633333333333332,0.7071067811865475,0.0,0,0.3540880229039761,5
198,0.0,0.6,0.0,0.41107184923439344,0,0.181660777385159,8
199,0.0,0.6,0.0,0.41107184923439344,0,0.181660777385159,2
200,0.0,0.5999999999999999,0.408248290463863,0.0,0,0.20164965809277258,2
201,0.0,0.6,0.5,0.0,0,0.22,6
202,0.0,0.6,0.5,0.0,0,0.22,8
203,0.0,0.6,0.0,0.41107184923439344,0,0.181660777385159,3
204,0.0,0.19999999999999996,0.0,0.41107184923439344,0,0.10166077738515901,7
205,0.0,0.6,0.35355339059327373,0.0,0,0.19071067811865475,6
206,0.0,0.6,0.0,0.41107184923439344,0,0.181660777385159,8
207,0.0,0.6,0.0,0.41107184923439344,0,0.181660777385159,3
208,0.0,0.5999999999999999,0.408248290463863,0.0,0,0.20164965809277258,4
209,0.0,0.6,0.0,0.0,0,0.12,1
210,0.0,0.6,0.0,0.41107184923439344,0,0.181660777385159,8
211,0.0,0.6,0.5,0.0,0,0.22,2
212,0.0,0.6,0.0,0.0,0,0.12,0
213,0.0,0.6,0.0,0.41107184923439344,0,0.181660777385159,6
214,0.0,0.6,0.0,0.0,0,0.12,8
215,0.0,0.6,0.0,0.41107184923439344,0,0.181660777385159,3
216,0.0,0.6,0.0,0.41107184923439344,0,0.181660777385159,4
217,1.0,0.33999999999999997,0.0,0.41107184923439344,0,0.429660777385159,5
218,0.5,0.6,1.0,0.0,0,0.47000000000000003,8
219,0.0,0.6,0.0,0.0,0,0.12,2
220,0.0,0.6,0.40824829046386296,0.0,0,0.20164965809277258,8
221,0.0,0.6,0.0,0.41107184923439344,0,0.181660777385159,6
222,0.0,0.6,0.0,0.41107184923439344,0,0.181660777385159,8
223,0.0,0.6,0.0,0.41107184923439344,0,0.181660777385159,3
224,0.0,0.6,0.5,0.0,0,0.22,4
225,0.0,0.6,0.0,0.0,0,0.12,1
226,0.0,0.6,0.0,0.41107184923439344,0,0.181660777385159,8
227,0.0,0.5999999999999999,0.408248290463863,0.0,0,0.20164965809277258,2
228,0.0,0.6,0.0,0.0,0,0.12,0
229,1.0,0.49,0.0,0.41107184923439344,0,0.45966077738515904,5
230,0.0,0.6,0.0,0.0,0,0.12,8
231,0.0,0.6,0.5,0.0,0,0.22,2
232,0.0,0.6,0.0,0.0,0,0.12,4
233,0.0,0.6,0.0,0.0,0,0.12,6
234,0.0,0.6,0.0,0.41107184923439344,0,0.181660777385159,8
235,0.0,0.5,0.5,0.0,0,0.2,3
236,0.0,0.19999999999999996,0.0,0.41107184923439344,0,0.10166077738515901,7
237,0.0,0.6,0.0,0.41107184923439344,0,0.181660777385159,6
238,0.0,0.6,0.0,0.41107184923439344,0,0.181660777385159,8
239,0.0,0.6,0.0,0.0,0,0.12,3
240,0.0,0.6,0.0,0.0,0,0.12,4
241,0.0,0.6,0.0,0.41107184923439344,0,0.181660777385159,1
242,0.0,0.6,0.0,0.41107184923439344,0,0.181660777385159,8
243,0.0,0.6,0.5,0.0,0,0.22,2
244,0.0,0.6,0.0,0.0,0,0.12,0
245,0.0,0.6,0.5,0.0,0,0.22,6
246,0.0,0.6,0.0,0.41107184923439344,0,0.181660777385159,8
247,0.0,0.6,0.0,0.41107184923439344,0,0.181660777385159,3
248,0.0,0.5999999999999999,0.408248290463863,0.0,0,0.20164965809277258,6
249,0.3333333333333333,0.5133333333333334,0.2041241452319315,0.0,0,0.24349149571305295,5
250,0.0,0.6,0.0,0.41107184923439344,0,0.181660777385159,8
251,0.0,0.6,0.0,0.41107184923439344,0,0.181660777385159,2
252,0.0,0.6,0.0,0.41107184923439344,0,0.181660777385159,8
253,0.0,0.6,0.0,0.0,0,0.12,6
254,0.0,0.6,0.0,0.0,0,0.12,8
255,0.0,0.6,0.0,0.0,0,0.12,3
256,0.0,0.6,0.0,0.41107184923439344,0,0.181660777385159,4
257,0.0,0.6,0.0,0.41107184923439344,0,0.181660777385159,1
258,0.0,0.6,0.0,0.0,0,0.12,8
259,0.0,0.6,0.0,0.41107184923439344,0,0.181660777385159,2
260,0.0,0.6,0.5,0.0,0,0.22,0
261,0.5,0.5449999999999999,1.0,0.0,0,0.459,5
262,0.0,0.6,0.0,0.41107184923439344,0,0.181660777385159,8
263,0.0,0.6,0.0,0.41107184923439344,0,0.181660777385159,2
264,0.0,0.5999999999999999,0.0,0.0,0,0.11999999999999998,2
265,0.0,0.6,0.0,0.0,0,0.12,6
266,0.0,0.6,0.5,0.0,0,0.22,8
267,0.0,0.6,0.0,0.41107184923439344,0,0.181660777385159,3
268,0.0,0.19999999999999996,0.0,0.41107184923439344,0,0.10166077738515901,7
269,0.0,0.6,0.0,0.0,0,0.12,6
270,0.0,0.5999999999999999,0.408248290463863,0.0,0,0.20164965809277258,8
271,0.0,0.6,0.5,0.0,0,0.22,3
272,0.0,0.6,0.0,0.41107184923439344,0,0.181660777385159,4
273,0.0,0.6,0.0,0.41107184923439344,0,0.181660777385159,1
274,0.0,0.6,0.40824829046386296,0.0,0,0.20164965809277258,8
275,0.0,0.6,0.0,0.41107184923439344,0,0.181660777385159,2
276,0.0,0.6,0.0,0.41107184923439344,0,0.181660777385159,0
277,0.0,0.6,0.0,0.41107184923439344,0,0.181660777385159,6
278,0.0,0.6,0.0,0.41107184923439344,0,0.181660777385159,8
279,0.0,0.6,0.5,0.0,0,0.22,3
280,0.0,0.6,0.5,0.0,0,0.22,8
281,0.5,0.47,0.25,0.0,0,0.294,5
282,0.0,0.6,0.0,0.41107184923439344,0,0.181660777385159,8
283,0.0,0.6,0.0,0.41107184923439344,0,0.181660777385159,2
284,0.0,0.5999999999999999,0.0,0.0,0,0.11999999999999998,6
285,0.0,0.6,0.0,0.41107184923439344,0,0.181660777385159,6
286,0.0,0.5999999999999999,0.408248290463863,0.0,0,0.20164965809277258,2
287,0.0,0.6,0.0,0.41107184923439344,0,0.181660777385159,3
288,0.0,0.6,0.0,0.41107184923439344,0,0.181660777385159,4
289,0.0,0.6,0.0,0.0,0,0.12,1
290,0.0,0.6,0.0,0.0,0,0.12,8
291,0.0,0.5999999999999999,0.408248290463863,0.0,0,0.20164965809277258,2
292,0.0,0.6,0.5,0.0,0,0.22,0
293,0.6666666666666666,0.4766666666666667,0.7359800721939872,0.0,0,0.4425293477721308,5
294,0.0,0.6,0.0,0.0,0,0.12,8
295,0.0,0.3999999999999999,0.0,0.0,0,0.07999999999999999,2
296,0.0,0.6,0.0,0.41107184923439344,0,0.181660777385159,4
297,0.0,0.6,0.0,0.41107184923439344,0,0.181660777385159,6
298,0.0,0.6,0.0,0.0,0,0.12,8
299,0.0,0.5999999999999999,0.0,0.0,0,0.11999999999999998,3
300,0.0,0.4666666666666667,0.408248290463863,0.0,0,0.17498299142610596,7
301,0.0,0.6,0.0,0.41107184923439344,0,0.181660777385159,6
302,0.0,0.6,0.0,0.41107184923439344,0,0.181660777385159,8
303,0.0,0.6,0.0,0.41107184923439344,0,0.181660777385159,3
304,0.0,0.6,0.0,0.41107184923439344,0,0.181660777385159,4
305,0.0,0.5999999999999999,0.0,0.0,0,0.11999999999999998,1
306,0.0,0.6,0.0,0.41107184923439344,0,0.181660777385159,8
307,0.0,0.6,0.0,0.41107184923439344,0,0.181660777385159,2
308,0.0,0.6,0.5,0.0,0,0.22,0
309,0.0,0.6,0.0,0.41107184923439344,0,0.181660777385159,6
310,0.0,0.6,0.0,0.41107184923439344,0,0.181660777385159,8
311,0.0,0.6,0.0,0.41107184923439344,0,0.181660777385159,3
312,0.0,0.6,0.0,0.41107184923439344,0,0.181660777385159,4
313,0.5,0.47,0.25,0.0,0,0.294,5
314,0.0,0.5999999999999999,0.408248290463863,0.0,0,0.20164965809277258,8
315,0.0,0.6,0.0,0.0,0,0.12,2
316,0.0,0.6,0.5,0.0,0,0.22,8
317,0.0,0.6,0.0,0.41107184923439344,0,0.181660777385159,6
318,0.0,0.6,0.5,0.0,0,0.22,2
319,0.0,0.6,0.0,0.0,0,0.12,3
320,0.0,0.6,0.5,0.0,0,0.22,4
321,0.0,0.6,0.0,0.41107184923439344,0,0.181660777385159,1
322,0.0,0.6,0.0,0.41107184923439344,0,0.181660777385159,8
323,0.0,0.6,0.35355339059327373,0.0,0,0.19071067811865475,0
324,0.5,0.485,0.1,0.0,0,0.267,0
325,1.0,0.49,0.0,0.41107184923439344,0,0.45966077738515904,5
326,0.0,0.6,0.0,0.41107184923439344,0,0.181660777385159,8
327,0.0,0.6,0.0,0.0,0,0.12,2
328,0.0,0.6,0.0,0.41107184923439344,0,0.181660777385159,4
329,0.0,0.6,0.40824829046386296,0.0,0,0.20164965809277258,6
330,0.5,0.6,1.0,0.0,0,0.47000000000000003,8
331,0.0,0.6,0.0,0.41107184923439344,0,0.181660777385159,3
332,0.0,0.19999999999999996,0.0,0.41107184923439344,0,0.10166077738515901,7
333,0.0,0.6,0.0,0.0,0,0.12,6
334,0.0,0.6,0.0,0.41107184923439344,0,0.181660777385159,8
335,0.0,0.6,0.0,0.0,0,0.12,3
336,0.0,0.6,0.0,0.41107184923439344,0,0.181660777385159,4
337,0.0,0.6,0.0,0.41107184923439344,0,0.181660777385159,1
338,0.0,0.6,0.0,0.41107184923439344,0,0.181660777385159,8
339,0.0,0.6,0.5,0.0,0,0.22,2
340,0.0,0.6,0.0,0.0,0,0.12,0
341,0.0,0.6,0.5,0.0,0,0.22,6
342,0.0,0.6,0.0,0.41107184923439344,0,0.181660777385159,8
343,0.0,0.6,0.5,0.0,0,0.22,3
344,0.0,0.6,0.0,0.0,0,0.12,4
345,1.0,0.33999999999999997,0.0,0.41107184923439344,0,0.429660777385159,5
346,0.0,0.6,0.5,0.0,0,0.22,8
347,0.0,0.6,0.0,0.41107184923439344,0,0.181660777385159,2
348,0.0,0.6,0.0,0.41107184923439344,0,0.181660777385159,8
349,0.0,0.6,0.0,0.0,0,0.12,6
350,0.0,0.6,0.0,0.41107184923439344,0,0.181660777385159,8
351,0.0,0.6,0.0,0.41107184923439344,0,0.181660777385159,3
352,0.0,0.6,0.0,0.41107184923439344,0,0.181660777385159,4
353,0.0,0.6,0.5,0.0,0,0.22,1
354,0.0,0.6,0.5,0.0,0,0.22,5
355,0.0,0.6,0.0,0.41107184923439344,0,0.181660777385159,2
356,0.0,0.6,0.35355339059327373,0.0,0,0.19071067811865475,0
357,0.5,0.5449999999999999,0.5,0.0,0,0.359,5
358,0.0,0.6,0.0,0.41107184923439344,0,0.181660777385159,8
359,0.0,0.6,0.3162277660168379,0.0,0,0.18324555320336758,2
360,0.0,0.6,0.0,0.41107184923439344,0,0.181660777385159,4
361,0.0,0.6,0.0,0.0,0,0.12,6
362,0.0,0.5999999999999999,0.408248290463863,0.0,0,0.20164965809277258,8
363,0.0,0.6,0.0,0.41107184923439344,0,0.181660777385159,3
364,0.0,0.19999999999999996,0.0,0.41107184923439344,0,0.10166077738515901,7
365,0.0,0.6,0.0,0.0,0,0.12,6
366,0.0,0.6,0.0,0.41107184923439344,0,0.181660777385159,8
367,0.0,0.6,0.0,0.0,0,0.12,3
368,0.0,0.6,0.0,0.0,0,0.12,4
369,0.0,0.6,0.0,0.41107184923439344,0,0.181660777385159,1
370,0.0,0.6,0.0,0.41107184923439344,0,0.181660777385159,8
371,0.0,0.6,0.0,0.41107184923439344,0,0.181660777385159,2
372,0.0,0.6,0.0,0.0,0,0.12,0
373,0.0,0.6,0.40824829046386296,0.0,0,0.20164965809277258,6
374,0.0,0.6,0.0,0.41107184923439344,0,0.181660777385159,8
375,0.0,0.6,0.0,0.41107184923439344,0,0.181660777385159,3
376,0.0,0.6,0.0,0.41107184923439344,0,0.181660777385159,4
377,1.0,0.33999999999999997,0.0,0.41107184923439344,0,0.429660777385159,5
378,0.0,0.5999999999999999,0.0,0.0,0,0.11999999999999998,8
379,0.0,0.6,0.0,0.41107184923439344,0,0.181660777385159,2
380,0.0,0.6,0.5,0.0,0,0.22,6
381,0.0,0.6,0.0,0.0,0,0.12,6
382,0.0,0.6,0.0,0.41107184923439344,0,0.181660777385159,8
383,0.0,0.6,0.0,0.0,0,0.12,3
384,0.0,0.6,0.0,0.0,0,0.12,4
385,0.0,0.5999999999999999,0.408248290463863,0.0,0,0.20164965809277258,1
386,0.0,0.6,0.0,0.0,0,0.12,4
387,0.0,0.6,0.0,0.41107184923439344,0,0.181660777385159,2
388,0.0,0.6,0.0,0.0,0,0.12,0
389,1.0,0.49,0.0,0.41107184923439344,0,0.45966077738515904,5
390,0.0,0.6,0.0,0.0,0,0.12,8
391,0.0,0.6,0.5,0.0,0,0.22,2
392,0.0,0.6,0.0,0.41107184923439344,0,0.181660777385159,4
393,0.0,0.6,0.0,0.41107184923439344,0,0.181660777385159,6
394,0.0,0.6,0.0,0.41107184923439344,0,0.181660777385159,8
395,0.0,0.5999999999999999,0.0,0.0,0,0.11999999999999998,3
396,0.0,0.19999999999999996,0.0,0.41107184923439344,0,0.10166077738515901,7
397,0.5,0.5685714285714286,0.5,0.0,0,0.36371428571428577,5
398,0.0,0.6,0.5,0.0,0,0.22,8
399,0.0,0.6,0.0,0.41107184923439344,0,0.181660777385159,3
400,0.0,0.6,0.0,0.41107184923439344,0,0.181660777385159,4
401,0.0,0.48,0.5,0.0,0,0.196,1
402,0.0,0.6,0.5,0.0,0,0.22,8
403,0.0,0.5666666666666667,0.0,0.0,0,0.11333333333333334,2
404,0.0,0.55,0.5,0.0,0,0.21000000000000002,0
405,0.0,0.6,0.5,0.0,0,0.22,6
406,0.0,0.6,0.0,0.41107184923439344,0,0.181660777385159,8
407,0.0,0.5999999999999999,0.408248290463863,0.0,0,0.20164965809277258,3
408,0.0,0.6,0.0,0.41107184923439344,0,0.181660777385159,4
409,1.0,0.33999999999999997,0.0,0.41107184923439344,0,0.429660777385159,5
410,0.0,0.6,0.0,0.0,0,0.12,8
411,0.0,0.6,0.0,0.0,0,0.12,2
412,0.0,0.6,0.5,0.0,0,0.22,8
413,0.0,0.5999999999999999,0.408248290463863,0.0,0,0.20164965809277258,6
414,0.0,0.6,0.0,0.41107184923439344,0,0.181660777385159,8
415,0.0,0.6,0.0,0.41107184923439344,0,0.181660777385159,3
416,0.0,0.6,0.0,0.0,0,0.12,4
417,0.0,0.6,0.0,0.0,0,0.12,1
418,0.0,0.6,0.0,0.41107184923439344,0,0.181660777385159,8
419,0.0,0.6,0.0,0.0,0,0.12,2
420,0.0,0.6,0.0,0.41107184923439344,0,0.181660777385159,0
421,0.3333333333333333,0.5633333333333332,0.408248290463863,0.0,0,0.29431632475943925,5
422,0.0,0.6,0.5,0.0,0,0.22,8
423,0.0,0.6,0.5,0.0,0,0.22,2
424,0.0,0.6,0.0,0.41107184923439344,0,0.181660777385159,4
425,0.0,0.6,0.0,0.41107184923439344,0,0.181660777385159,6
426,0.0,0.6,0.5,0.0,0,0.22,8
427,0.0,0.5999999999999999,0.408248290463863,0.0,0,0.20164965809277258,3
428,0.0,0.4666666666666667,0.408248290463863,0.0,0,0.17498299142610596,7
429,0.0,0.6,0.0,0.41107184923439344,0,0.181660777385159,6
430,0.0,0.6,0.0,0.41107184923439344,0,0.181660777385159,8
431,0.0,0.6,0.5,0.0,0,0.22,3
432,0.0,0.6,0.5,0.0,0,0.22,4
433,0.0,0.6,0.0,0.41107184923439344,0,0.181660777385159,1
434,0.0,0.54,0.35355339059327373,0.0,0,0.17871067811865476,8
435,0.0,0.6,0.0,0.41107184923439344,0,0.181660777385159,2
436,0.0,0.6,0.0,0.0,0,0.12,0
437,0.0,0.6,0.0,0.0,0,0.12,6
438,0.0,0.6,0.0,0.41107184923439344,0,0.181660777385159,8
439,0.0,0.6,0.0,0.41107184923439344,0,0.181660777385159,3
440,0.0,0.6,0.0,0.0,0,0.12,6
441,0.5,0.47,0.7499999999999999,0.0,0,0.394,5
442,0.0,0.6,0.0,0.41107184923439344,0,0.181660777385159,8
443,0.0,0.6,0.0,0.41107184923439344,0,0.181660777385159,2
444,0.0,0.5999999999999999,0.0,0.0,0,0.11999999999999998,8
445,0.0,0.6,0.0,0.0,0,0.12,6
446,0.0,0.6,0.5,0.0,0,0.22,1
447,0.0,0.6,0.5,0.0,0,0.22,3
448,0.0,0.6,0.0,0.41107184923439344,0,0.181660777385159,4
449,0.0,0.6,0.0,0.41107184923439344,0,0.181660777385159,1
450,0.0,0.5999999999999999,0.408248290463863,0.0,0,0.20164965809277258,8
451,0.0,0.6,0.0,0.41107184923439344,0,0.181660777385159,2
452,0.0,0.6,0.0,0.41107184923439344,0,0.181660777385159,0
453,0.5,0.5449999999999999,0.5,0.0,0,0.359,5
454,0.0,0.6,0.0,0.0,0,0.12,6
455,0.0,0.6,0.5,0.0,0,0.22,2
456,0.0,0.6,0.0,0.41107184923439344,0,0.181660777385159,4
457,0.0,0.6,0.0,0.41107184923439344,0,0.181660777385159,6
458,0.0,0.6,0.5,0.0,0,0.22,8
459,0.0,0.6,0.0,0.41107184923439344,0,0.181660777385159,3
460,0.0,0.19999999999999996,0.0,0.41107184923439344,0,0.10166077738515901,7
461,0.0,0.5999999999999999,0.408248290463863,0.0,0,0.20164965809277258,6
462,0.0,0.6,0.0,0.41107184923439344,0,0.181660777385159,8
463,0.0,0.6,0.0,0.41107184923439344,0,0.181660777385159,3
464,0.0,0.6,0.0,0.41107184923439344,0,0.181660777385159,4
465,0.0,0.6,0.0,0.41107184923439344,0,0.181660777385159,1
466,0.0,0.6,0.5,0.0,0,0.22,8
467,0.0,0.6,0.5,0.0,0,0.22,2
468,0.0,0.5999999999999999,0.408248290463863,0.0,0,0.20164965809277258,0
469,0.0,0.6,0.0,0.41107184923439344,0,0.181660777385159,6
470,0.0,0.6,0.0,0.41107184923439344,0,0.181660777385159,8
471,0.0,0.6,0.0,0.0,0,0.12,3
472,0.2,0.6,0.5916079783099616,0.0,0,0.29832159566199234,6
473,1.0,0.33999999999999997,0.0,0.41107184923439344,0,0.429660777385159,5
474,0.0,0.6,0.0,0.41107184923439344,0,0.181660777385159,8
475,0.0,0.6,0.0,0.41107184923439344,0,0.181660777385159,2
476,0.0,0.6,0.0,0.41107184923439344,0,0.181660777385159,8
477,0.0,0.6,0.0,0.0,0,0.12,6
478,0.0,0.6,0.40824829046386296,0.0,0,0.20164965809277258,8
479,0.0,0.6,0.0,0.41107184923439344,0,0.181660777385159,3
480,0.0,0.6,0.5,0.0,0,0.22,4
481,0.0,0.6,0.0,0.41107184923439344,0,0.181660777385159,1
482,0.0,0.6,0.5,0.0,0,0.22,8
483,0.0,0.6,0.0,0.41107184923439344,0,0.181660777385159,2
484,0.0,0.5666666666666667,0.408248290463863,0.0,0,0.19498299142610595,0
485,0.5,0.5449999999999999,0.5,0.0,0,0.359,5
486,0.0,0.6,0.0,0.41107184923439344,0,0.181660777385159,8
487,0.0,0.6,0.5,0.0,0,0.22,2
488,0.0,0.6,0.0,0.0,0,0.12,6
489,0.0,0.6,0.5,0.0,0,0.22,6
490,0.0,0.6,0.0,0.41107184923439344,0,0.181660777385159,8
491,0.0,0.6,0.0,0.0,0,0.12,3
492,0.0,0.19999999999999996,0.0,0.41107184923439344,0,0.10166077738515901,7
493,0.0,0.6,0.0,0.41107184923439344,0,0.181660777385159,6
494,0.0,0.6,0.5,0.0,0,0.22,8
495,0.0,0.6,0.0,0.0,0,0.12,3
496,0.0,0.6,0.0,0.0,0,0.12,4
497,0.5,0.6,0.5,0.0,0,0.37,1
498,0.0,0.6,0.0,0.0,0,0.12,8
499,0.0,0.6,0.0,0.41107184923439344,0,0.181660777385159,2
500,0.0,0.6,0.0,0.0,0,0.12,0
